-- ============================================
-- 母婴商城系统 - 测试数据
-- ============================================
USE babyshop;

SET NAMES utf8mb4;
SET CHARACTER_SET_CLIENT = utf8mb4;
SET CHARACTER_SET_RESULTS = utf8mb4;
SET CHARACTER_SET_CONNECTION = utf8mb4;

-- -------------------------------------------
-- 用户数据
-- 管理员账号: admin / admin123
-- 测试用户: user1 / user123, user2 / user123 ...
-- 密码均为 BCrypt 加密
-- -------------------------------------------
INSERT INTO `user` (`id`,`username`,`password`,`nickname`,`phone`,`email`,`avatar`,`gender`,`role`,`status`,`created_at`) VALUES
(1, 'admin', '$2a$10$N.ZOn9G6/YLFixAOPMg/h.z7pCu6v2XyFDtC4q.jeeGm/TEZyj7C6', '系统管理员', '13800000001', 'admin@babyshop.com', NULL, 1, 'ADMIN', 1, '2025-01-15 09:00:00'),
(2, 'user1', '$2a$10$N.ZOn9G6/YLFixAOPMg/h.z7pCu6v2XyFDtC4q.jeeGm/TEZyj7C6', '张妈妈', '13900001001', 'zhangmama@qq.com', NULL, 2, 'USER', 1, '2025-02-10 10:30:00'),
(3, 'user2', '$2a$10$N.ZOn9G6/YLFixAOPMg/h.z7pCu6v2XyFDtC4q.jeeGm/TEZyj7C6', '李爸爸', '13900001002', 'libaba@qq.com', NULL, 1, 'USER', 1, '2025-02-15 14:20:00'),
(4, 'user3', '$2a$10$N.ZOn9G6/YLFixAOPMg/h.z7pCu6v2XyFDtC4q.jeeGm/TEZyj7C6', '王妈妈', '13900001003', 'wangmama@163.com', NULL, 2, 'USER', 1, '2025-03-01 08:00:00'),
(5, 'user4', '$2a$10$N.ZOn9G6/YLFixAOPMg/h.z7pCu6v2XyFDtC4q.jeeGm/TEZyj7C6', '赵爸爸', '13900001004', 'zhaobaba@163.com', NULL, 1, 'USER', 1, '2025-03-10 16:45:00'),
(6, 'user5', '$2a$10$N.ZOn9G6/YLFixAOPMg/h.z7pCu6v2XyFDtC4q.jeeGm/TEZyj7C6', '刘妈妈', '13900001005', 'liumama@qq.com', NULL, 2, 'USER', 1, '2025-03-20 11:30:00'),
(7, 'user6', '$2a$10$N.ZOn9G6/YLFixAOPMg/h.z7pCu6v2XyFDtC4q.jeeGm/TEZyj7C6', '陈妈妈', '13900001006', 'chenmama@qq.com', NULL, 2, 'USER', 1, '2025-04-05 09:15:00'),
(8, 'user7', '$2a$10$N.ZOn9G6/YLFixAOPMg/h.z7pCu6v2XyFDtC4q.jeeGm/TEZyj7C6', '孙爸爸', '13900001007', 'sunbaba@126.com', NULL, 1, 'USER', 1, '2025-04-12 13:00:00'),
(9, 'user8', '$2a$10$N.ZOn9G6/YLFixAOPMg/h.z7pCu6v2XyFDtC4q.jeeGm/TEZyj7C6', '周妈妈', '13900001008', 'zhoumama@qq.com', NULL, 2, 'USER', 0, '2025-05-01 10:00:00'),
(10, 'user9', '$2a$10$N.ZOn9G6/YLFixAOPMg/h.z7pCu6v2XyFDtC4q.jeeGm/TEZyj7C6', '吴妈妈', '13900001009', 'wumama@qq.com', NULL, 2, 'USER', 1, '2025-05-15 15:30:00');

-- -------------------------------------------
-- 商品分类
-- -------------------------------------------
INSERT INTO `category` (`id`,`name`,`icon`,`parent_id`,`sort`,`status`,`created_at`) VALUES
(1, '奶粉辅食', NULL, 0, 1, 1, '2025-01-01 00:00:00'),
(2, '纸尿裤', NULL, 0, 2, 1, '2025-01-01 00:00:00'),
(3, '喂养用品', NULL, 0, 3, 1, '2025-01-01 00:00:00'),
(4, '洗护用品', NULL, 0, 4, 1, '2025-01-01 00:00:00'),
(5, '童装童鞋', NULL, 0, 5, 1, '2025-01-01 00:00:00'),
(6, '玩具早教', NULL, 0, 6, 1, '2025-01-01 00:00:00'),
(7, '出行工具', NULL, 0, 7, 1, '2025-01-01 00:00:00'),
(8, '妈妈专区', NULL, 0, 8, 1, '2025-01-01 00:00:00'),
(9, '婴儿奶粉', NULL, 1, 1, 1, '2025-01-01 00:00:00'),
(10,'辅食零食', NULL, 1, 2, 1, '2025-01-01 00:00:00'),
(11,'纸尿裤', NULL, 2, 1, 1, '2025-01-01 00:00:00'),
(12,'拉拉裤', NULL, 2, 2, 1, '2025-01-01 00:00:00'),
(13,'奶瓶奶嘴', NULL, 3, 1, 1, '2025-01-01 00:00:00'),
(14,'吸奶器', NULL, 3, 2, 1, '2025-01-01 00:00:00'),
(15,'宝宝洗护', NULL, 4, 1, 1, '2025-01-01 00:00:00'),
(16,'宝宝护肤', NULL, 4, 2, 1, '2025-01-01 00:00:00');

-- -------------------------------------------
-- 商品数据（30+ 条）
-- -------------------------------------------
INSERT INTO `product` (`id`,`name`,`category_id`,`price`,`original_price`,`stock`,`sales`,`main_image`,`images`,`description`,`brand`,`status`,`recommend`,`created_at`) VALUES
(1, '飞鹤星飞帆3段幼儿配方奶粉 900g', 9, 298.00, 358.00, 500, 1230, NULL, NULL, '飞鹤星飞帆3段适用于12-36个月宝宝，采用新鲜生牛乳一次成粉，富含OPO结构脂、DHA、ARA等营养成分，助力宝宝健康成长。', '飞鹤', 1, 1, '2025-01-20 10:00:00'),
(2, '爱他美卓萃2段婴儿配方奶粉 900g', 9, 388.00, 428.00, 300, 856, NULL, NULL, '爱他美卓萃2段，含天然来源乳脂，精萃天然营养小分子，好吸收不上火，适合6-12个月婴儿。', '爱他美', 1, 1, '2025-01-22 10:00:00'),
(3, '美素佳儿金装1段婴儿奶粉 800g', 9, 338.00, 398.00, 200, 645, NULL, NULL, '荷兰原装进口，自家牧场鲜奶到罐一次完成，锁留天然营养小分子，适合0-6个月婴儿。', '美素佳儿', 1, 1, '2025-01-25 10:00:00'),
(4, '嘉宝有机米粉 原味 250g', 10, 68.00, 78.00, 800, 2100, NULL, NULL, '嘉宝有机米粉，通过有机认证，细腻易吞咽，富含铁锌钙，适合6个月以上宝宝初次添加辅食。', '嘉宝', 1, 1, '2025-02-01 10:00:00'),
(5, '小皮果泥 苹果香蕉味 100g*6', 10, 89.00, 108.00, 600, 1580, NULL, NULL, '欧盟有机认证，100%纯水果制成，无添加糖和防腐剂，便携锁鲜袋装，适合6个月以上宝宝。', '小皮', 1, 0, '2025-02-05 10:00:00'),
(6, '花王妙而舒纸尿裤 L54片', 11, 139.00, 169.00, 1000, 3200, NULL, NULL, '日本原装进口，柔软透气表层，瞬吸锁水，12小时干爽不侧漏，适合9-14kg宝宝。', '花王', 1, 1, '2025-02-10 10:00:00'),
(7, '好奇铂金装纸尿裤 M64片', 11, 159.00, 189.00, 800, 2800, NULL, NULL, '3D空气感表层，0.1cm超薄芯体，10000+透气微孔，适合6-11kg宝宝。', '好奇', 1, 1, '2025-02-12 10:00:00'),
(8, '帮宝适一级帮拉拉裤 XL42片', 12, 129.00, 159.00, 600, 1900, NULL, NULL, '日本进口材质，弹力贴合腰围，360°自在活动，适合12kg以上学步宝宝。', '帮宝适', 1, 0, '2025-02-15 10:00:00'),
(9, '贝亲宽口径玻璃奶瓶 240ml', 13, 128.00, 158.00, 400, 980, NULL, NULL, '自然实感第3代奶嘴，仿母乳设计，含SS/S/M/L四个流量奶嘴，适合0个月以上宝宝。', '贝亲', 1, 1, '2025-02-20 10:00:00'),
(10,'可么多么奶瓶 250ml 粉色', 13, 198.00, 258.00, 300, 560, NULL, NULL, '仿母乳硅胶材质，柔软亲肤，独特防胀气设计，适合3个月以上宝宝。', '可么多么', 1, 0, '2025-02-22 10:00:00'),
(11,'美德乐丝韵翼双边电动吸奶器', 14, 1699.00, 1999.00, 100, 320, NULL, NULL, '医院级双边电动吸奶器，PersonalFit Flex护盾，2相表达技术，高效舒适。', '美德乐', 1, 1, '2025-03-01 10:00:00'),
(12,'红色小象婴儿洗发沐浴露 530ml', 15, 59.00, 79.00, 900, 4500, NULL, NULL, '温和无泪配方，天然植物精华，洗发沐浴二合一，适合0岁以上婴儿。', '红色小象', 1, 1, '2025-03-05 10:00:00'),
(13,'贝亲婴儿润肤乳 200ml', 16, 49.00, 59.00, 700, 3200, NULL, NULL, '温和保湿配方，不含香精色素，呵护宝宝娇嫩肌肤，适合新生儿使用。', '贝亲', 1, 0, '2025-03-08 10:00:00'),
(14,'英氏婴儿连体衣 纯棉 66码', 5, 89.00, 119.00, 500, 780, NULL, NULL, '100% A类纯棉面料，无骨缝合工艺，柔软亲肤，适合0-6个月宝宝。', '英氏', 1, 0, '2025-03-10 10:00:00'),
(15,'巴拉巴拉儿童运动鞋 软底', 5, 139.00, 179.00, 400, 620, NULL, NULL, '软底学步鞋，透气网面，防滑耐磨，适合1-3岁宝宝学步期。', '巴拉巴拉', 1, 0, '2025-03-12 10:00:00'),
(16,'费雪摇铃牙胶组合 4件套', 6, 79.00, 99.00, 600, 1450, NULL, NULL, '安全无毒材质，色彩鲜艳，多种握感设计，锻炼宝宝手部肌肉，适合3个月以上。', '费雪', 1, 1, '2025-03-15 10:00:00'),
(17,'乐高得宝系列 动物火车10955', 6, 199.00, 249.00, 300, 520, NULL, NULL, '大颗粒积木，安全无棱角，培养宝宝创造力和动手能力，适合18个月以上。', '乐高', 1, 1, '2025-03-18 10:00:00'),
(18,'好孩子高景观婴儿推车 C826', 7, 1299.00, 1599.00, 150, 280, NULL, NULL, '高景观设计，可坐可躺，双向推行，一键折叠，适合0-3岁宝宝。', '好孩子', 1, 1, '2025-03-20 10:00:00'),
(19,'BABYCARE婴儿背带腰凳', 7, 299.00, 399.00, 300, 890, NULL, NULL, '人体工程学设计，四季通用，多种背法，减轻妈妈腰部负担，适合3-36个月宝宝。', 'BABYCARE', 1, 0, '2025-03-22 10:00:00'),
(20,'全棉时代产褥垫 60*90cm 10片', 8, 39.00, 49.00, 1000, 5600, NULL, NULL, '全棉表层，柔软亲肤，高分子吸水芯体，产前产后均可使用。', '全棉时代', 1, 0, '2025-03-25 10:00:00'),
(21,'子初月子帽 纯棉 双层', 8, 29.00, 39.00, 800, 2100, NULL, NULL, '双层纯棉面料，透气吸汗，做月子防风保暖，四季可用。', '子初', 1, 0, '2025-03-28 10:00:00'),
(22,'飞鹤飞帆1段婴儿配方奶粉 400g', 9, 168.00, 198.00, 350, 890, NULL, NULL, '新鲜生牛乳一次成粉，小罐装更新鲜，适合0-6个月婴儿。', '飞鹤', 1, 0, '2025-04-01 10:00:00'),
(23,'禧贝有机高铁米粉 198g', 10, 78.00, 98.00, 500, 1350, NULL, NULL, '美国有机认证，高铁配方，细腻口感，适合4个月以上宝宝。', '禧贝', 1, 0, '2025-04-05 10:00:00'),
(24,'大王天使纸尿裤 NB90片', 11, 109.00, 139.00, 700, 2400, NULL, NULL, '日本原装进口，超柔软材质，适合新生婴儿娇嫩肌肤，5kg以下宝宝。', '大王', 1, 0, '2025-04-08 10:00:00'),
(25,'NUK宽口径PPSU奶瓶 300ml', 13, 148.00, 178.00, 250, 430, NULL, NULL, 'PPSU安全材质，自然母感仿真奶嘴，防胀气系统，适合6个月以上。', 'NUK', 1, 0, '2025-04-10 10:00:00'),
(26,'松达婴儿山茶油霜 50g', 16, 88.00, 108.00, 400, 1800, NULL, NULL, '天然山茶油成分，温和保湿，预防湿疹红屁屁，适合新生儿。', '松达', 1, 1, '2025-04-12 10:00:00'),
(27,'安奈儿儿童T恤 纯棉短袖', 5, 69.00, 99.00, 600, 950, NULL, NULL, 'A类纯棉面料，卡通印花，柔软透气，适合1-5岁儿童夏季穿着。', '安奈儿', 1, 0, '2025-04-15 10:00:00'),
(28,'B.Duck小黄鸭婴儿游泳圈', 6, 59.00, 79.00, 500, 1200, NULL, NULL, '加厚PVC材质，双气囊设计，安全可靠，适合0-3岁宝宝戏水。', 'B.Duck', 1, 0, '2025-04-18 10:00:00'),
(29,'十月结晶待产包 26件套', 8, 199.00, 299.00, 300, 1680, NULL, NULL, '入院待产一站式配齐，包含产褥垫、卫生巾、防溢乳垫等26件，孕晚期必备。', '十月结晶', 1, 1, '2025-04-20 10:00:00'),
(30,'Cybex安全座椅 Sirona S', 7, 3299.00, 3999.00, 80, 120, NULL, NULL, '360度旋转，ISOFIX+支撑腿双重固定，0-4岁适用，德国品质。', 'Cybex', 1, 1, '2025-04-22 10:00:00'),
(31,'合生元派星3段奶粉 800g', 9, 318.00, 378.00, 400, 760, NULL, NULL, 'SN-2 PLUS天然乳脂，LPN乳清蛋白，接近母乳配方，12-36个月适用。', '合生元', 1, 0, '2025-04-25 10:00:00'),
(32,'babycare恒温调奶器 1.2L', 3, 259.00, 329.00, 350, 1100, NULL, NULL, '精准控温±1℃，24小时恒温，一键除氯，快速冲奶，新手爸妈必备。', 'BABYCARE', 1, 1, '2025-04-28 10:00:00');

-- -------------------------------------------
-- 收货地址
-- -------------------------------------------
INSERT INTO `address` (`id`,`user_id`,`receiver`,`phone`,`province`,`city`,`district`,`detail`,`is_default`,`created_at`) VALUES
(1, 2, '张丽', '13900001001', '北京市', '北京市', '朝阳区', '望京街道利星行广场B座12层', 1, '2025-02-10 11:00:00'),
(2, 2, '张丽（公司）', '13900001001', '北京市', '北京市', '海淀区', '中关村大街1号海龙大厦5层', 0, '2025-02-15 09:00:00'),
(3, 3, '李刚', '13900001002', '上海市', '上海市', '浦东新区', '张江高科技园区碧波路690号', 1, '2025-02-20 10:00:00'),
(4, 4, '王芳', '13900001003', '广东省', '广州市', '天河区', '体育西路101号维多利广场A座8层', 1, '2025-03-05 14:00:00'),
(5, 5, '赵强', '13900001004', '浙江省', '杭州市', '西湖区', '文三路477号华星科技大厦15层', 1, '2025-03-12 16:00:00'),
(6, 6, '刘敏', '13900001005', '江苏省', '南京市', '鼓楼区', '中山北路30号城市名人酒店旁边', 1, '2025-03-22 11:00:00'),
(7, 7, '陈婷', '13900001006', '四川省', '成都市', '武侯区', '天府大道中段666号', 1, '2025-04-06 09:00:00'),
(8, 8, '孙伟', '13900001007', '湖北省', '武汉市', '洪山区', '光谷大道77号金融港B22栋', 1, '2025-04-13 13:00:00');

-- -------------------------------------------
-- 订单数据（30+ 条，覆盖各种状态）
-- -------------------------------------------
INSERT INTO `order_info` (`id`,`order_no`,`user_id`,`total_amount`,`status`,`receiver`,`phone`,`address`,`remark`,`pay_time`,`ship_time`,`finish_time`,`cancel_time`,`created_at`) VALUES
(1,  'ORD20250301001', 2, 596.00, 3, '张丽', '13900001001', '北京市朝阳区望京街道利星行广场B座12层', NULL, '2025-03-01 10:05:00', '2025-03-02 09:00:00', '2025-03-05 15:00:00', NULL, '2025-03-01 10:00:00'),
(2,  'ORD20250305001', 3, 388.00, 3, '李刚', '13900001002', '上海市浦东新区张江高科技园区碧波路690号', '请尽快发货', '2025-03-05 14:30:00', '2025-03-06 08:30:00', '2025-03-09 10:00:00', NULL, '2025-03-05 14:25:00'),
(3,  'ORD20250308001', 4, 278.00, 3, '王芳', '13900001003', '广东省广州市天河区体育西路101号', NULL, '2025-03-08 16:10:00', '2025-03-09 10:00:00', '2025-03-12 14:00:00', NULL, '2025-03-08 16:00:00'),
(4,  'ORD20250310001', 2, 1699.00, 3, '张丽', '13900001001', '北京市朝阳区望京街道利星行广场B座12层', '需要发票', '2025-03-10 09:15:00', '2025-03-11 09:00:00', '2025-03-15 11:00:00', NULL, '2025-03-10 09:10:00'),
(5,  'ORD20250312001', 5, 139.00, 4, '赵强', '13900001004', '浙江省杭州市西湖区文三路477号', NULL, NULL, NULL, NULL, '2025-03-13 10:00:00', '2025-03-12 11:00:00'),
(6,  'ORD20250315001', 6, 298.00, 3, '刘敏', '13900001005', '江苏省南京市鼓楼区中山北路30号', NULL, '2025-03-15 18:20:00', '2025-03-16 09:00:00', '2025-03-19 16:00:00', NULL, '2025-03-15 18:15:00'),
(7,  'ORD20250318001', 7, 199.00, 2, '陈婷', '13900001006', '四川省成都市武侯区天府大道中段666号', '周末送达', '2025-03-18 20:05:00', '2025-03-19 10:00:00', NULL, NULL, '2025-03-18 20:00:00'),
(8,  'ORD20250320001', 2, 227.00, 3, '张丽', '13900001001', '北京市朝阳区望京街道利星行广场B座12层', NULL, '2025-03-20 12:10:00', '2025-03-21 09:00:00', '2025-03-24 10:00:00', NULL, '2025-03-20 12:05:00'),
(9,  'ORD20250322001', 3, 159.00, 1, '李刚', '13900001002', '上海市浦东新区张江高科技园区碧波路690号', NULL, '2025-03-22 15:30:00', NULL, NULL, NULL, '2025-03-22 15:25:00'),
(10, 'ORD20250325001', 4, 338.00, 0, '王芳', '13900001003', '广东省广州市天河区体育西路101号', NULL, NULL, NULL, NULL, NULL, '2025-03-25 09:00:00'),
(11, 'ORD20250401001', 5, 1299.00, 3, '赵强', '13900001004', '浙江省杭州市西湖区文三路477号', NULL, '2025-04-01 10:10:00', '2025-04-02 09:00:00', '2025-04-06 14:00:00', NULL, '2025-04-01 10:05:00'),
(12, 'ORD20250403001', 6, 89.00, 3, '刘敏', '13900001005', '江苏省南京市鼓楼区中山北路30号', NULL, '2025-04-03 13:20:00', '2025-04-04 09:00:00', '2025-04-07 11:00:00', NULL, '2025-04-03 13:15:00'),
(13, 'ORD20250405001', 7, 79.00, 3, '陈婷', '13900001006', '四川省成都市武侯区天府大道中段666号', NULL, '2025-04-05 16:30:00', '2025-04-06 09:00:00', '2025-04-09 15:00:00', NULL, '2025-04-05 16:25:00'),
(14, 'ORD20250408001', 8, 198.00, 5, '孙伟', '13900001007', '湖北省武汉市洪山区光谷大道77号', '商品有瑕疵', '2025-04-08 11:10:00', '2025-04-09 09:00:00', NULL, NULL, '2025-04-08 11:05:00'),
(15, 'ORD20250410001', 2, 536.00, 3, '张丽', '13900001001', '北京市朝阳区望京街道利星行广场B座12层', NULL, '2025-04-10 09:50:00', '2025-04-11 09:00:00', '2025-04-14 10:00:00', NULL, '2025-04-10 09:45:00'),
(16, 'ORD20250412001', 3, 128.00, 2, '李刚', '13900001002', '上海市浦东新区张江高科技园区碧波路690号', NULL, '2025-04-12 14:15:00', '2025-04-13 09:00:00', NULL, NULL, '2025-04-12 14:10:00'),
(17, 'ORD20250415001', 4, 259.00, 1, '王芳', '13900001003', '广东省广州市天河区体育西路101号', NULL, '2025-04-15 10:30:00', NULL, NULL, NULL, '2025-04-15 10:25:00'),
(18, 'ORD20250418001', 5, 69.00, 3, '赵强', '13900001004', '浙江省杭州市西湖区文三路477号', NULL, '2025-04-18 16:45:00', '2025-04-19 09:00:00', '2025-04-22 12:00:00', NULL, '2025-04-18 16:40:00'),
(19, 'ORD20250420001', 6, 199.00, 0, '刘敏', '13900001005', '江苏省南京市鼓楼区中山北路30号', NULL, NULL, NULL, NULL, NULL, '2025-04-20 11:00:00'),
(20, 'ORD20250422001', 7, 3299.00, 3, '陈婷', '13900001006', '四川省成都市武侯区天府大道中段666号', '小心轻放', '2025-04-22 19:05:00', '2025-04-23 09:00:00', '2025-04-28 14:00:00', NULL, '2025-04-22 19:00:00'),
(21, 'ORD20250425001', 8, 59.00, 4, '孙伟', '13900001007', '湖北省武汉市洪山区光谷大道77号', NULL, NULL, NULL, NULL, '2025-04-26 10:00:00', '2025-04-25 09:00:00'),
(22, 'ORD20250428001', 10, 298.00, 3, '吴妈妈', '13900001009', '北京市海淀区中关村南大街5号', NULL, '2025-04-28 10:10:00', '2025-04-29 09:00:00', '2025-05-02 16:00:00', NULL, '2025-04-28 10:05:00'),
(23, 'ORD20250501001', 2, 148.00, 3, '张丽', '13900001001', '北京市朝阳区望京街道利星行广场B座12层', NULL, '2025-05-01 15:20:00', '2025-05-02 09:00:00', '2025-05-05 14:00:00', NULL, '2025-05-01 15:15:00'),
(24, 'ORD20250503001', 3, 318.00, 1, '李刚', '13900001002', '上海市浦东新区张江高科技园区碧波路690号', NULL, '2025-05-03 11:30:00', NULL, NULL, NULL, '2025-05-03 11:25:00'),
(25, 'ORD20250505001', 4, 88.00, 3, '王芳', '13900001003', '广东省广州市天河区体育西路101号', NULL, '2025-05-05 17:10:00', '2025-05-06 09:00:00', '2025-05-09 10:00:00', NULL, '2025-05-05 17:05:00'),
(26, 'ORD20250508001', 5, 139.00, 0, '赵强', '13900001004', '浙江省杭州市西湖区文三路477号', NULL, NULL, NULL, NULL, NULL, '2025-05-08 14:00:00'),
(27, 'ORD20250510001', 6, 49.00, 3, '刘敏', '13900001005', '江苏省南京市鼓楼区中山北路30号', NULL, '2025-05-10 09:20:00', '2025-05-11 09:00:00', '2025-05-14 11:00:00', NULL, '2025-05-10 09:15:00'),
(28, 'ORD20250512001', 7, 299.00, 2, '陈婷', '13900001006', '四川省成都市武侯区天府大道中段666号', NULL, '2025-05-12 20:15:00', '2025-05-13 09:00:00', NULL, NULL, '2025-05-12 20:10:00'),
(29, 'ORD20250515001', 2, 79.00, 3, '张丽（公司）', '13900001001', '北京市海淀区中关村大街1号海龙大厦5层', NULL, '2025-05-15 12:10:00', '2025-05-16 09:00:00', '2025-05-19 15:00:00', NULL, '2025-05-15 12:05:00'),
(30, 'ORD20250518001', 10, 168.00, 3, '吴妈妈', '13900001009', '北京市海淀区中关村南大街5号', NULL, '2025-05-18 16:30:00', '2025-05-19 09:00:00', '2025-05-22 10:00:00', NULL, '2025-05-18 16:25:00'),
(31, 'ORD20250520001', 4, 129.00, 4, '王芳', '13900001003', '广东省广州市天河区体育西路101号', NULL, NULL, NULL, NULL, '2025-05-21 09:00:00', '2025-05-20 10:00:00'),
(32, 'ORD20250522001', 3, 59.00, 3, '李刚', '13900001002', '上海市浦东新区张江高科技园区碧波路690号', NULL, '2025-05-22 10:15:00', '2025-05-23 09:00:00', '2025-05-26 11:00:00', NULL, '2025-05-22 10:10:00');

-- -------------------------------------------
-- 订单明细
-- -------------------------------------------
INSERT INTO `order_item` (`order_id`,`product_id`,`product_name`,`product_image`,`price`,`quantity`,`subtotal`) VALUES
(1, 1, '飞鹤星飞帆3段幼儿配方奶粉 900g', NULL, 298.00, 2, 596.00),
(2, 2, '爱他美卓萃2段婴儿配方奶粉 900g', NULL, 388.00, 1, 388.00),
(3, 6, '花王妙而舒纸尿裤 L54片', NULL, 139.00, 2, 278.00),
(4, 11, '美德乐丝韵翼双边电动吸奶器', NULL, 1699.00, 1, 1699.00),
(5, 6, '花王妙而舒纸尿裤 L54片', NULL, 139.00, 1, 139.00),
(6, 1, '飞鹤星飞帆3段幼儿配方奶粉 900g', NULL, 298.00, 1, 298.00),
(7, 17, '乐高得宝系列 动物火车10955', NULL, 199.00, 1, 199.00),
(8, 9, '贝亲宽口径玻璃奶瓶 240ml', NULL, 128.00, 1, 128.00),
(8, 12, '红色小象婴儿洗发沐浴露 530ml', NULL, 59.00, 1, 59.00),
(8, 20, '全棉时代产褥垫 60*90cm 10片', NULL, 39.00, 1, 39.00),
(9, 7, '好奇铂金装纸尿裤 M64片', NULL, 159.00, 1, 159.00),
(10, 3, '美素佳儿金装1段婴儿奶粉 800g', NULL, 338.00, 1, 338.00),
(11, 18, '好孩子高景观婴儿推车 C826', NULL, 1299.00, 1, 1299.00),
(12, 5, '小皮果泥 苹果香蕉味 100g*6', NULL, 89.00, 1, 89.00),
(13, 16, '费雪摇铃牙胶组合 4件套', NULL, 79.00, 1, 79.00),
(14, 10, '可么多么奶瓶 250ml 粉色', NULL, 198.00, 1, 198.00),
(15, 1, '飞鹤星飞帆3段幼儿配方奶粉 900g', NULL, 298.00, 1, 298.00),
(15, 4, '嘉宝有机米粉 原味 250g', NULL, 68.00, 2, 136.00),
(15, 12, '红色小象婴儿洗发沐浴露 530ml', NULL, 59.00, 1, 59.00),
(15, 21, '子初月子帽 纯棉 双层', NULL, 29.00, 1, 29.00),
(16, 9, '贝亲宽口径玻璃奶瓶 240ml', NULL, 128.00, 1, 128.00),
(17, 32, 'babycare恒温调奶器 1.2L', NULL, 259.00, 1, 259.00),
(18, 27, '安奈儿儿童T恤 纯棉短袖', NULL, 69.00, 1, 69.00),
(19, 29, '十月结晶待产包 26件套', NULL, 199.00, 1, 199.00),
(20, 30, 'Cybex安全座椅 Sirona S', NULL, 3299.00, 1, 3299.00),
(21, 12, '红色小象婴儿洗发沐浴露 530ml', NULL, 59.00, 1, 59.00),
(22, 1, '飞鹤星飞帆3段幼儿配方奶粉 900g', NULL, 298.00, 1, 298.00),
(23, 25, 'NUK宽口径PPSU奶瓶 300ml', NULL, 148.00, 1, 148.00),
(24, 31, '合生元派星3段奶粉 800g', NULL, 318.00, 1, 318.00),
(25, 26, '松达婴儿山茶油霜 50g', NULL, 88.00, 1, 88.00),
(26, 6, '花王妙而舒纸尿裤 L54片', NULL, 139.00, 1, 139.00),
(27, 13, '贝亲婴儿润肤乳 200ml', NULL, 49.00, 1, 49.00),
(28, 19, 'BABYCARE婴儿背带腰凳', NULL, 299.00, 1, 299.00),
(29, 16, '费雪摇铃牙胶组合 4件套', NULL, 79.00, 1, 79.00),
(30, 22, '飞鹤飞帆1段婴儿配方奶粉 400g', NULL, 168.00, 1, 168.00),
(31, 8, '帮宝适一级帮拉拉裤 XL42片', NULL, 129.00, 1, 129.00),
(32, 12, '红色小象婴儿洗发沐浴露 530ml', NULL, 59.00, 1, 59.00);

-- -------------------------------------------
-- 商品评价
-- -------------------------------------------
INSERT INTO `review` (`user_id`,`product_id`,`order_id`,`rating`,`content`,`images`,`status`,`created_at`) VALUES
(2, 1, 1, 5, '奶粉很好，宝宝很爱喝，冲泡不挂壁，一直在买这个牌子的。', NULL, 1, '2025-03-06 10:00:00'),
(3, 2, 2, 5, '朋友推荐的这款奶粉，营养成分很全面，宝宝喝了之后肠胃一直很好。', NULL, 1, '2025-03-10 14:00:00'),
(4, 6, 3, 4, '纸尿裤质量不错，透气性好，但是价格稍贵，趁活动多囤几包。', NULL, 1, '2025-03-13 16:00:00'),
(2, 11, 4, 5, '吸奶器很好用，双边同时吸效率很高，用起来也很舒适，推荐新手妈妈购买。', NULL, 1, '2025-03-16 09:00:00'),
(6, 1, 6, 5, '一直回购的奶粉，飞鹤品质值得信赖，奶粉溶解度好。', NULL, 1, '2025-03-20 11:00:00'),
(2, 9, 8, 4, '玻璃奶瓶手感不错，刻度清晰，只是比较重，外出携带不太方便。', NULL, 1, '2025-03-25 10:00:00'),
(2, 12, 8, 5, '宝宝洗发沐浴露很温和，泡沫细腻，洗完皮肤滑滑的，没有刺激。', NULL, 1, '2025-03-25 10:10:00'),
(5, 18, 11, 5, '推车质量很好，高景观设计宝宝坐着更安全，折叠也很方便，出门必带。', NULL, 1, '2025-04-07 14:00:00'),
(6, 5, 12, 4, '果泥口味不错，宝宝很喜欢，方便携带，就是分量有点少。', NULL, 1, '2025-04-08 11:00:00'),
(7, 16, 13, 5, '摇铃颜色鲜艳，做工精细，没有异味，宝宝拿到手就不放下了。', NULL, 1, '2025-04-10 15:00:00'),
(2, 1, 15, 5, '第三次购买了，品质稳定，宝宝适应得很好，物流也快。', NULL, 1, '2025-04-15 10:00:00'),
(2, 4, 15, 5, '米粉细腻，容易冲调，宝宝第一次吃辅食就选的这款，很满意。', NULL, 1, '2025-04-15 10:15:00'),
(5, 27, 18, 4, '衣服面料很柔软，洗了不缩水不掉色，就是码子偏大了一点点。', NULL, 1, '2025-04-23 12:00:00'),
(7, 30, 20, 5, '安全座椅非常稳固，ISOFIX安装很方便，宝宝坐着很舒服，360度旋转上下车很方便。', NULL, 1, '2025-04-29 14:00:00'),
(10, 1, 22, 4, '奶粉口味清淡，宝宝容易接受，性价比不错。', NULL, 1, '2025-05-03 16:00:00'),
(2, 25, 23, 4, 'PPSU材质比玻璃的轻很多，适合外出，奶嘴设计也合理。', NULL, 1, '2025-05-06 14:00:00'),
(4, 26, 25, 5, '山茶油霜效果很好，宝宝红屁屁涂了两天就好了，强烈推荐！', NULL, 1, '2025-05-10 10:00:00'),
(6, 13, 27, 4, '保湿效果不错，涂上不油腻，适合宝宝日常使用。', NULL, 1, '2025-05-15 11:00:00'),
(2, 16, 29, 5, '费雪的玩具品质一如既往的好，设计安全，宝宝很喜欢咬牙胶。', NULL, 1, '2025-05-20 15:00:00'),
(10, 22, 30, 5, '小罐装很方便，适合出门携带，奶粉新鲜度有保证。', NULL, 1, '2025-05-23 10:00:00');

-- -------------------------------------------
-- 收藏
-- -------------------------------------------
INSERT INTO `favorite` (`user_id`,`product_id`,`created_at`) VALUES
(2, 1, '2025-02-20 10:00:00'),
(2, 6, '2025-02-25 11:00:00'),
(2, 11, '2025-03-01 09:00:00'),
(2, 18, '2025-03-10 14:00:00'),
(3, 2, '2025-03-05 14:00:00'),
(3, 7, '2025-03-08 10:00:00'),
(3, 9, '2025-03-12 16:00:00'),
(4, 3, '2025-03-01 08:30:00'),
(4, 12, '2025-03-10 11:00:00'),
(4, 30, '2025-04-01 15:00:00'),
(5, 18, '2025-03-15 10:00:00'),
(5, 30, '2025-03-18 09:00:00'),
(6, 1, '2025-03-20 12:00:00'),
(6, 29, '2025-04-01 14:00:00'),
(7, 16, '2025-04-06 10:00:00'),
(7, 17, '2025-04-08 15:00:00'),
(7, 30, '2025-04-10 09:00:00'),
(8, 9, '2025-04-15 13:00:00'),
(10, 1, '2025-05-16 10:00:00'),
(10, 22, '2025-05-18 11:00:00');

-- -------------------------------------------
-- 购物车
-- -------------------------------------------
INSERT INTO `cart` (`user_id`,`product_id`,`quantity`,`checked`,`created_at`) VALUES
(2, 4, 2, 1, '2025-05-20 10:00:00'),
(2, 12, 1, 1, '2025-05-20 10:05:00'),
(3, 1, 1, 1, '2025-05-21 14:00:00'),
(3, 6, 3, 1, '2025-05-21 14:05:00'),
(4, 7, 2, 1, '2025-05-22 09:00:00'),
(4, 13, 1, 0, '2025-05-22 09:10:00'),
(5, 32, 1, 1, '2025-05-23 16:00:00'),
(6, 17, 1, 1, '2025-05-24 11:00:00'),
(7, 26, 2, 1, '2025-05-25 10:00:00'),
(10, 6, 2, 1, '2025-05-26 15:00:00');

-- -------------------------------------------
-- 系统公告
-- -------------------------------------------
INSERT INTO `announcement` (`id`,`title`,`content`,`type`,`status`,`publish_time`,`created_at`) VALUES
(1, '欢迎来到母婴乐园商城', '亲爱的用户，欢迎来到母婴乐园商城！我们精选全球优质母婴用品，为您和宝宝提供最好的产品和服务。新用户注册即享9折优惠！', 1, 1, '2025-01-15 09:00:00', '2025-01-15 09:00:00'),
(2, '春季大促活动开启', '春暖花开，母婴乐园春季大促正式开始！全场奶粉满300减30，纸尿裤买三送一，更多优惠等你来发现。活动时间：3月1日-3月31日。', 2, 1, '2025-03-01 00:00:00', '2025-02-28 15:00:00'),
(3, '系统升级通知', '为提升用户体验，我们将于2025年4月1日凌晨2:00-4:00进行系统升级维护，届时部分功能可能暂时不可用，请您提前做好准备。给您带来的不便，深表歉意。', 3, 1, '2025-03-28 10:00:00', '2025-03-28 10:00:00'),
(4, '618年中盛典预告', '一年一度的618年中大促即将开启！母婴乐园准备了超多惊喜：满减优惠、限时秒杀、新客专享礼包……敬请期待！', 2, 1, '2025-05-20 09:00:00', '2025-05-20 09:00:00'),
(5, '新品上架：有机辅食系列', '母婴乐园新引进多款有机辅食产品，包括有机米粉、有机果泥、有机面条等，全部通过国家有机认证，为宝宝的每一口把关。', 1, 1, '2025-04-15 10:00:00', '2025-04-15 10:00:00');

-- -------------------------------------------
-- 轮播图
-- -------------------------------------------
INSERT INTO `banner` (`id`,`title`,`image_url`,`link_url`,`sort`,`status`,`created_at`) VALUES
(1, '春季大促', '/uploads/banner/spring-sale.jpg', '/products?category=1', 1, 1, '2025-03-01 00:00:00'),
(2, '新品推荐', '/uploads/banner/new-arrival.jpg', '/products?recommend=1', 2, 1, '2025-03-15 00:00:00'),
(3, '纸尿裤专场', '/uploads/banner/diaper-sale.jpg', '/products?category=2', 3, 1, '2025-04-01 00:00:00'),
(4, '618预热', '/uploads/banner/618.jpg', '/announcement/4', 4, 1, '2025-05-20 00:00:00');
